Model,Accuracy
Model 1,0.7618048268625394
Model 2,1.0
Model 3,0.7663518712836657
Model 4,0.7656523259881077
Model 5,0.769849597761455
