Model,Accuracy
Model 1,0.7674011892270024
Model 2,1.0
Model 3,0.7604057362714236
Model 4,0.7736970968870235
Model 5,0.7639034627492131
