Model,Accuracy
Model 1,0.763553690101434
Model 2,1.0
Model 3,0.7656523259881077
Model 4,0.7649527806925498
Model 5,0.764253235396992
