Model,Accuracy
Model 1,0.7625043721580972
Model 2,1.0
Model 3,0.764253235396992
Model 4,0.7653025533403288
Model 5,0.7681007345225603
